filter by country,total number of test takers,Nationalities,number of  tests,Participating institutions,,filter by type of exam,total number of test takers,Nationalities,number of  tests,Participating institutions,,filter by year,total number of test takers,Nationalities,number of  tests,Participating institutions,,filter by nationality ,total number of test takers,Nationalities,number of  tests,Participating institutions
المملكة العربية السعودية,3687,(+60),41,,,همزة الأكاديمي,5222,(+102),93,75,,2024,2152,,,,,أثيوبيا,22,,,
أثيوبيا,22, -, -, -,,همزة تحديد المستوى,1461,(+102),93,75,,2025,3098,,,,,أذربيجان,118,,,
أذربيجان,118, -, -, -,,,,,,,,2026,1184,,,,,إريتريا,2,,,
إريتريا,2, -, -, -,,,,,,,,,,,,,,إسبانيا,10,,,
إسبانيا,10, -, -, -,,,,,,,,,,,,,,أستراليا,14,,,
أستراليا,14, -, -, -,,,,,,,,,,,,,,إسواتيني,1,,,
إسواتيني,1, -, -, -,,,,,,,,,,,,,,أفغانستان,82,,,
أفغانستان,82, -, -, -,,,,,,,,,,,,,,الأرجنتين,1,,,
الأرجنتين,1, -, -, -,,,,,,,,,,,,,,الإكوادور,1,,,
الإكوادور,1, -, -, -,,,,,,,,,,,,,,ألبانيا,31,,,
ألبانيا,31, -, -, -,,,,,,,,,,,,,,البرازيل,8,,,
البرازيل,8, -, -, -,,,,,,,,,,,,,,البرتغال,1,,,
البرتغال,1, -, -, -,,,,,,,,,,,,,,البوسنة والهرسك,52,,,
البوسنة والهرسك,52, -, -, -,,,,,,,,,,,,,,الجبل الأسود,1,,,
الجبل الأسود,1, -, -, -,,,,,,,,,,,,,,الدنمارك,1,,,
الدنمارك,1, -, -, -,,,,,,,,,,,,,,السنغال,19,,,
السنغال,19, -, -, -,,,,,,,,,,,,,,السويد,2,,,
السويد,2, -, -, -,,,,,,,,,,,,,,الصين,128,,,
الصين,128, -, -, -,,,,,,,,,,,,,,الفلبين,190,,,
الفلبين,190, -, -, -,,,,,,,,,,,,,,الكاميرون,24,,,
الكاميرون,24, -, -, -,,,,,,,,,,,,,,ألمانيا,10,,,
ألمانيا,10, -, -, -,,,,,,,,,,,,,,المكسيك,10,,,
المكسيك,10, -, -, -,,,,,,,,,,,,,,المملكة المتحدة,32,,,
المملكة المتحدة,32, -, -, -,,,,,,,,,,,,,,النمسا,2,,,
النمسا,2, -, -, -,,,,,,,,,,,,,,النيبال,75,,,
النيبال,75, -, -, -,,,,,,,,,,,,,,النيجر,30,,,
النيجر,30, -, -, -,,,,,,,,,,,,,,الهند,807,,,
الهند,807, -, -, -,,,,,,,,,,,,,,الولايات المتحدة الأمريكية,29,,,
الولايات المتحدة الأمريكية,29, -, -, -,,,,,,,,,,,,,,اليابان,9,,,
اليابان,9, -, -, -,,,,,,,,,,,,,,اليونان,2,,,
اليونان,2, -, -, -,,,,,,,,,,,,,,أندورا,1,,,
أندورا,1, -, -, -,,,,,,,,,,,,,,إندونيسيا,1782,,,
إندونيسيا,1782, -, -, -,,,,,,,,,,,,,,أنغولا,15,,,
أنغولا,15, -, -, -,,,,,,,,,,,,,,أوزباكستان,238,,,
أوزباكستان,238, -, -, -,,,,,,,,,,,,,,أوغندا,1,,,
أوغندا,1, -, -, -,,,,,,,,,,,,,,أوكرانيا,1,,,
أوكرانيا,1, -, -, -,,,,,,,,,,,,,,إيرلندا,4,,,
إيرلندا,4, -, -, -,,,,,,,,,,,,,,إيطاليا,54,,,
إيطاليا,54, -, -, -,,,,,,,,,,,,,,باكستان,242,,,
باكستان,242, -, -, -,,,,,,,,,,,,,,بلجيكا,3,,,
بلجيكا,3, -, -, -,,,,,,,,,,,,,,بنغلاديش,214,,,
بنغلاديش,214, -, -, -,,,,,,,,,,,,,,بنين,69,,,
بنين,69, -, -, -,,,,,,,,,,,,,,بوركينا فاسو,52,,,
بوركينا فاسو,52, -, -, -,,,,,,,,,,,,,,بوروندي,49,,,
بوروندي,49, -, -, -,,,,,,,,,,,,,,بولندا,5,,,
بولندا,5, -, -, -,,,,,,,,,,,,,,بيرو,1,,,
بيرو,1, -, -, -,,,,,,,,,,,,,,بيلاروسيا,4,,,
بيلاروسيا,4, -, -, -,,,,,,,,,,,,,,تايلند,477,,,
تايلند,477, -, -, -,,,,,,,,,,,,,,تركمانستان,3,,,
تركمانستان,3, -, -, -,,,,,,,,,,,,,,تركيا,39,,,
تركيا,39, -, -, -,,,,,,,,,,,,,,ترينداد وتوباغو,2,,,
ترينداد وتوباغو,2, -, -, -,,,,,,,,,,,,,,تشاد,21,,,
تشاد,21, -, -, -,,,,,,,,,,,,,,تنزانيا,24,,,
تنزانيا,24, -, -, -,,,,,,,,,,,,,,توغو,24,,,
توغو,24, -, -, -,,,,,,,,,,,,,,جزر المالديف,7,,,
جزر المالديف,7, -, -, -,,,,,,,,,,,,,,جزر فيجي,1,,,
جزر فيجي,1, -, -, -,,,,,,,,,,,,,,جمهورية أفريقيا الوسطى,4,,,
جمهورية أفريقيا الوسطى,4, -, -, -,,,,,,,,,,,,,,جمهورية الكونغو,28,,,
جمهورية الكونغو,28, -, -, -,,,,,,,,,,,,,,جنوب إفريقيا,110,,,
جنوب إفريقيا,110, -, -, -,,,,,,,,,,,,,,جورجيا,25,,,
جورجيا,25, -, -, -,,,,,,,,,,,,,,جيبوتي,4,,,
جيبوتي,4, -, -, -,,,,,,,,,,,,,,رواندا,4,,,
رواندا,4, -, -, -,,,,,,,,,,,,,,روسيا,65,,,
روسيا,65, -, -, -,,,,,,,,,,,,,,رومانيا,1,,,
رومانيا,1, -, -, -,,,,,,,,,,,,,,زامبيا,3,,,
زامبيا,3, -, -, -,,,,,,,,,,,,,,زيمبابوي,1,,,
زيمبابوي,1, -, -, -,,,,,,,,,,,,,,ساحل العاج,88,,,
ساحل العاج,88, -, -, -,,,,,,,,,,,,,,سريلانكا,37,,,
سريلانكا,37, -, -, -,,,,,,,,,,,,,,سنغافورة,6,,,
سنغافورة,6, -, -, -,,,,,,,,,,,,,,سويسرا,2,,,
سويسرا,2, -, -, -,,,,,,,,,,,,,,سيراليون,25,,,
سيراليون,25, -, -, -,,,,,,,,,,,,,,شيلي,1,,,
شيلي,1, -, -, -,,,,,,,,,,,,,,صربيا,2,,,
صربيا,2, -, -, -,,,,,,,,,,,,,,طاجيكستان,28,,,
طاجيكستان,28, -, -, -,,,,,,,,,,,,,,غامبيا,102,,,
غامبيا,102, -, -, -,,,,,,,,,,,,,,غانا,66,,,
غانا,66, -, -, -,,,,,,,,,,,,,,غينيا,33,,,
غينيا,33, -, -, -,,,,,,,,,,,,,,غينيا بيساو,16,,,
غينيا بيساو,16, -, -, -,,,,,,,,,,,,,,فرنسا,28,,,
فرنسا,28, -, -, -,,,,,,,,,,,,,,فيتنام,2,,,
فيتنام,2, -, -, -,,,,,,,,,,,,,,قرغيزستان,42,,,
قرغيزستان,42, -, -, -,,,,,,,,,,,,,,كازاخستان,54,,,
كازاخستان,54, -, -, -,,,,,,,,,,,,,,كمبوديا,19,,,
كمبوديا,19, -, -, -,,,,,,,,,,,,,,كندا,5,,,
كندا,5, -, -, -,,,,,,,,,,,,,,كوريا الجنوبية,13,,,
كوريا الجنوبية,13, -, -, -,,,,,,,,,,,,,,كولمبيا,4,,,
كولمبيا,4, -, -, -,,,,,,,,,,,,,,كينيا,9,,,
كينيا,9, -, -, -,,,,,,,,,,,,,,لاوس,1,,,
لاوس,1, -, -, -,,,,,,,,,,,,,,ليبيريا,7,,,
ليبيريا,7, -, -, -,,,,,,,,,,,,,,مالاوي,1,,,
مالاوي,1, -, -, -,,,,,,,,,,,,,,مالي,69,,,
مالي,69, -, -, -,,,,,,,,,,,,,,ماليزيا,169,,,
ماليزيا,169, -, -, -,,,,,,,,,,,,,,مدغشقر,8,,,
مدغشقر,8, -, -, -,,,,,,,,,,,,,,مقدونيا,4,,,
مقدونيا,4, -, -, -,,,,,,,,,,,,,,موريشيوس,4,,,
موريشيوس,4, -, -, -,,,,,,,,,,,,,,موزمبيق,8,,,
موزمبيق,8, -, -, -,,,,,,,,,,,,,,مينمار,70,,,
مينمار,70, -, -, -,,,,,,,,,,,,,,نيجيريا,210,,,
نيجيريا,210, -, -, -,,,,,,,,,,,,,,نيوزيلندا,2,,,
نيوزيلندا,2, -, -, -,,,,,,,,,,,,,,هنغاريا,2,,,
هنغاريا,2, -, -, -,,,,,,,,,,,,,,هولندا,5,,,
هولندا,5, -, -, -,,,,,,,,,,,,,,,,,,
كل الدول,26283,(+102),128,75,,,,,,,,,,,,,,,,,,
